id,_name,_prefix,_province_id,sync_words
1,Bình Chánh,Huyện,1,"binh chanh,huyen binh chanh"
2,Bình Tân,Quận,1,"binh tan,quan binh tan"
3,Bình Thạnh,Quận,1,"binh thanh,quan binh thanh"
4,Cần Giờ,Huyện,1,"can gio,huyen can gio"
5,Củ Chi,Huyện,1,"cu chi,huyen cu chi"
6,Gò Vấp,Quận,1,"go vap,quan go vap"
7,Hóc Môn,Huyện,1,"hoc mon,huyen hoc mon"
8,Nhà Bè,Huyện,1,"nha be,huyen nha be"
9,Phú Nhuận,Quận,1,"phu nhuan,quan phu nhuan"
10,Quận 1,,1,"quan 1, quan 1"
11,Quận 10,,1,"quan 10, quan 10"
12,Quận 11,,1,"quan 11, quan 11"
13,Quận 12,,1,"quan 12, quan 12"
14,Quận 2,,1,"quan 2, quan 2"
15,Quận 3,,1,"quan 3, quan 3"
16,Quận 4,,1,"quan 4, quan 4"
17,Quận 5,,1,"quan 5, quan 5"
18,Quận 6,,1,"quan 6, quan 6"
19,Quận 7,,1,"quan 7, quan 7"
20,Quận 8,,1,"quan 8, quan 8"
21,Quận 9,,1,"quan 9, quan 9"
22,Tân Bình,Quận,1,"tan binh,quan tan binh"
23,Tân Phú,Quận,1,"tan phu,quan tan phu"
24,Thủ Đức,Quận,1,"thu duc,quan thu duc"
25,Ba Đình,Quận,2,"ba dinh,quan ba dinh"
26,Ba Vì,Huyện,2,"ba vi,huyen ba vi"
27,Bắc Từ Liêm,Quận,2,"bac tu liem,quan bac tu liem"
28,Cầu Giấy,Quận,2,"cau giay,quan cau giay"
29,Chương Mỹ,Huyện,2,"chuong my,huyen chuong my"
30,Đan Phượng,Huyện,2,"dan phuong,huyen dan phuong"
31,Đông Anh,Huyện,2,"dong anh,huyen dong anh"
32,Đống Đa,Quận,2,"dong da,quan dong da"
33,Gia Lâm,Huyện,2,"gia lam,huyen gia lam"
34,Hà Đông,Quận,2,"ha dong,quan ha dong"
35,Hai Bà Trưng,Quận,2,"hai ba trung,quan hai ba trung"
36,Hoài Đức,Huyện,2,"hoai duc,huyen hoai duc"
37,Hoàn Kiếm,Quận,2,"hoan kiem,quan hoan kiem"
38,Hoàng Mai,Quận,2,"hoang mai,quan hoang mai"
39,Long Biên,Quận,2,"long bien,quan long bien"
40,Mê Linh,Huyện,2,"me linh,huyen me linh"
41,Mỹ Đức,Huyện,2,"my duc,huyen my duc"
42,Nam Từ Liêm,Quận,2,"nam tu liem,quan nam tu liem"
43,Phú Xuyên,Huyện,2,"phu xuyen,huyen phu xuyen"
44,Phúc Thọ,Huyện,2,"phuc tho,huyen phuc tho"
45,Quốc Oai,Huyện,2,"quoc oai,huyen quoc oai"
46,Sóc Sơn,Huyện,2,"soc son,huyen soc son"
47,Sơn Tây,Thị xã,2,"son tay,thi xa son tay"
48,Tây Hồ,Quận,2,"tay ho,quan tay ho"
49,Thạch Thất,Huyện,2,"thach that,huyen thach that"
50,Thanh Oai,Huyện,2,"thanh oai,huyen thanh oai"
51,Thanh Trì,Huyện,2,"thanh tri,huyen thanh tri"
52,Thanh Xuân,Quận,2,"thanh xuan,quan thanh xuan"
53,Thường Tín,Huyện,2,"thuong tin,huyen thuong tin"
54,Ứng Hòa,Huyện,2,"ung hoa,huyen ung hoa"
55,Cẩm Lệ,Quận,3,"cam le,quan cam le"
56,Hải Châu,Quận,3,"hai chau,quan hai chau"
57,Hòa Vang,Huyện,3,"hoa vang,huyen hoa vang"
58,Hoàng Sa,Huyện,3,"hoang sa,huyen hoang sa"
59,Liên Chiểu,Quận,3,"lien chieu,quan lien chieu"
60,Ngũ Hành Sơn,Quận,3,"ngu hanh son,quan ngu hanh son"
61,Sơn Trà,Quận,3,"son tra,quan son tra"
62,Thanh Khê,Quận,3,"thanh khe,quan thanh khe"
63,Bàu Bàng,Huyện,4,"bau bang,huyen bau bang"
64,Bến Cát,Thị xã,4,"ben cat,thi xa ben cat"
65,Dầu Tiếng,Huyện,4,"dau tieng,huyen dau tieng"
66,Dĩ An,Thị xã,4,"di an,thi xa di an"
67,Phú Giáo,Huyện,4,"phu giao,huyen phu giao"
68,Tân Uyên,Huyện,4,"tan uyen,huyen tan uyen"
69,Thủ Dầu Một,Thị xã,4,"thu dau mot,thi xa thu dau mot"
70,Thuận An,Huyện,4,"thuan an,huyen thuan an"
71,Biên Hòa,Thành phố,5,"bien hoa,thanh pho bien hoa"
72,Cẩm Mỹ,Huyện,5,"cam my,huyen cam my"
73,Định Quán,Huyện,5,"dinh quan,huyen dinh quan"
74,Long Khánh,Thị xã,5,"long khanh,thi xa long khanh"
75,Long Thành,Huyện,5,"long thanh,huyen long thanh"
76,Nhơn Trạch,Huyện,5,"nhon trach,huyen nhon trach"
77,Tân Phú,Quận,5,"tan phu,quan tan phu"
78,Thống Nhất,Huyện,5,"thong nhat,huyen thong nhat"
79,Trảng Bom,Huyện,5,"trang bom,huyen trang bom"
80,Vĩnh Cửu,Huyện,5,"vinh cuu,huyen vinh cuu"
81,Xuân Lộc,Huyện,5,"xuan loc,huyen xuan loc"
82,Cam Lâm,Huyện,6,"cam lam,huyen cam lam"
83,Cam Ranh,Thành phố,6,"cam ranh,thanh pho cam ranh"
84,Diên Khánh,Huyện,6,"dien khanh,huyen dien khanh"
85,Khánh Sơn,Huyện,6,"khanh son,huyen khanh son"
86,Khánh Vĩnh,Huyện,6,"khanh vinh,huyen khanh vinh"
87,Nha Trang,Thành phố,6,"nha trang,thanh pho nha trang"
88,Ninh Hòa,Thị xã,6,"ninh hoa,thi xa ninh hoa"
89,Trường Sa,Huyện,6,"truong sa,huyen truong sa"
90,Vạn Ninh,Huyện,6,"van ninh,huyen van ninh"
91,An Dương,Huyện,7,"an duong,huyen an duong"
92,An Lão,Huyện,7,"an lao,huyen an lao"
93,Bạch Long Vĩ,Huyện,7,"bach long vi,huyen bach long vi"
94,Cát Hải,Huyện,7,"cat hai,huyen cat hai"
95,Đồ Sơn,Quận,7,"do son,quan do son"
96,Dương Kinh,Quận,7,"duong kinh,quan duong kinh"
97,Hải An,Quận,7,"hai an,quan hai an"
98,Hồng Bàng,Quận,7,"hong bang,quan hong bang"
99,Kiến An,Quận,7,"kien an,quan kien an"
100,Kiến Thụy,Huyện,7,"kien thuy,huyen kien thuy"
101,Lê Chân,Quận,7,"le chan,quan le chan"
102,Ngô Quyền,Quận,7,"ngo quyen,quan ngo quyen"
103,Thủy Nguyên,Huyện,7,"thuy nguyen,huyen thuy nguyen"
104,Tiên Lãng,Huyện,7,"tien lang,huyen tien lang"
105,Vĩnh Bảo,Huyện,7,"vinh bao,huyen vinh bao"
106,Bến Lức,Huyện,8,"ben luc,huyen ben luc"
107,Cần Đước,Huyện,8,"can duoc,huyen can duoc"
108,Cần Giuộc,Huyện,8,"can giuoc,huyen can giuoc"
109,Châu Thành,Huyện,8,"chau thanh,huyen chau thanh"
110,Đức Hòa,Huyện,8,"duc hoa,huyen duc hoa"
111,Đức Huệ,Huyện,8,"duc hue,huyen duc hue"
112,Kiến Tường,Thị xã,8,"kien tuong,thi xa kien tuong"
113,Mộc Hóa,Huyện,8,"moc hoa,huyen moc hoa"
114,Tân An,Thành phố,8,"tan an,thanh pho tan an"
115,Tân Hưng,Huyện,8,"tan hung,huyen tan hung"
116,Tân Thạnh,Huyện,8,"tan thanh,huyen tan thanh"
117,Tân Trụ,Huyện,8,"tan tru,huyen tan tru"
118,Thạnh Hóa,Huyện,8,"thanh hoa,huyen thanh hoa"
119,Thủ Thừa,Huyện,8,"thu thua,huyen thu thua"
120,Vĩnh Hưng,Huyện,8,"vinh hung,huyen vinh hung"
121,Bắc Trà My,Huyện,9,"bac tra my,huyen bac tra my"
122,Đại Lộc,Huyện,9,"dai loc,huyen dai loc"
123,Điện Bàn,Huyện,9,"dien ban,huyen dien ban"
124,Đông Giang,Huyện,9,"dong giang,huyen dong giang"
125,Duy Xuyên,Huyện,9,"duy xuyen,huyen duy xuyen"
126,Hiệp Đức,Huyện,9,"hiep duc,huyen hiep duc"
127,Hội An,Thành phố,9,"hoi an,thanh pho hoi an"
128,Nam Giang,Huyện,9,"nam giang,huyen nam giang"
129,Nam Trà My,Huyện,9,"nam tra my,huyen nam tra my"
130,Nông Sơn,Huyện,9,"nong son,huyen nong son"
131,Núi Thành,Huyện,9,"nui thanh,huyen nui thanh"
132,Phú Ninh,Huyện,9,"phu ninh,huyen phu ninh"
133,Phước Sơn,Huyện,9,"phuoc son,huyen phuoc son"
134,Quế Sơn,Huyện,9,"que son,huyen que son"
135,Tam Kỳ,Thành phố,9,"tam ky,thanh pho tam ky"
136,Tây Giang,Huyện,9,"tay giang,huyen tay giang"
137,Thăng Bình,Huyện,9,"thang binh,huyen thang binh"
138,Tiên Phước,Huyện,9,"tien phuoc,huyen tien phuoc"
139,Bà Rịa,Thị xã,10,"ba ria,thi xa ba ria"
140,Châu Đức,Huyện,10,"chau duc,huyen chau duc"
141,Côn Đảo,Huyện,10,"con dao,huyen con dao"
142,Đất Đỏ,Huyện,10,"dat do,huyen dat do"
143,Long Điền,Huyện,10,"long dien,huyen long dien"
144,Tân Thành,Huyện,10,"tan thanh,huyen tan thanh"
145,Vũng Tàu,Thành phố,10,"vung tau,thanh pho vung tau"
146,Xuyên Mộc,Huyện,10,"xuyen moc,huyen xuyen moc"
147,Buôn Đôn,Huyện,11,"buon don,huyen buon don"
148,Buôn Hồ,Thị xã,11,"buon ho,thi xa buon ho"
149,Buôn Ma Thuột,Thành phố,11,"buon ma thuot,thanh pho buon ma thuot"
150,Cư Kuin,Huyện,11,"cu kuin,huyen cu kuin"
151,Cư M'gar,Huyện,11,"cu m'gar,huyen cu m'gar"
152,Ea H'Leo,Huyện,11,"ea h'leo,huyen ea h'leo"
153,Ea Kar,Huyện,11,"ea kar,huyen ea kar"
154,Ea Súp,Huyện,11,"ea sup,huyen ea sup"
155,Krông Ana,Huyện,11,"krong ana,huyen krong ana"
156,Krông Bông,Huyện,11,"krong bong,huyen krong bong"
157,Krông Buk,Huyện,11,"krong buk,huyen krong buk"
158,Krông Năng,Huyện,11,"krong nang,huyen krong nang"
159,Krông Pắc,Huyện,11,"krong pac,huyen krong pac"
160,Lăk,Huyện,11,"lak,huyen lak"
161,M'Đrăk,Huyện,11,"m'drak,huyen m'drak"
162, Thới Lai,Huyện,12," thoi lai,huyen  thoi lai"
163,Bình Thủy,Quận,12,"binh thuy,quan binh thuy"
164,Cái Răng,Quận,12,"cai rang,quan cai rang"
165,Cờ Đỏ,Huyện,12,"co do,huyen co do"
166,Ninh Kiều,Quận,12,"ninh kieu,quan ninh kieu"
167,Ô Môn,Quận,12,"o mon,quan o mon"
168,Phong Điền,Huyện,12,"phong dien,huyen phong dien"
169,Thốt Nốt,Quận,12,"thot not,quan thot not"
170,Vĩnh Thạnh,Huyện,12,"vinh thanh,huyen vinh thanh"
171,Bắc Bình,Huyện,13,"bac binh,huyen bac binh"
172,Đảo Phú Quý,Huyện,13,"dao phu quy,huyen dao phu quy"
173,Đức Linh,Huyện,13,"duc linh,huyen duc linh"
174,Hàm Tân,Huyện,13,"ham tan,huyen ham tan"
175,Hàm Thuận Bắc,Huyện,13,"ham thuan bac,huyen ham thuan bac"
176,Hàm Thuận Nam,Huyện,13,"ham thuan nam,huyen ham thuan nam"
177,La Gi,Thị xã,13,"la gi,thi xa la gi"
178,Phan Thiết,Thành phố,13,"phan thiet,thanh pho phan thiet"
179,Tánh Linh,Huyện,13,"tanh linh,huyen tanh linh"
180,Tuy Phong,Huyện,13,"tuy phong,huyen tuy phong"
181,Bảo Lâm,Huyện,14,"bao lam,huyen bao lam"
182,Bảo Lộc,Thành phố,14,"bao loc,thanh pho bao loc"
183,Cát Tiên,Huyện,14,"cat tien,huyen cat tien"
184,Đạ Huoai,Huyện,14,"da huoai,huyen da huoai"
185,Đà Lạt,Thành phố,14,"da lat,thanh pho da lat"
186,Đạ Tẻh,Huyện,14,"da teh,huyen da teh"
187,Đam Rông,Huyện,14,"dam rong,huyen dam rong"
188,Di Linh,Huyện,14,"di linh,huyen di linh"
189,Đơn Dương,Huyện,14,"don duong,huyen don duong"
190,Đức Trọng,Huyện,14,"duc trong,huyen duc trong"
191,Lạc Dương,Huyện,14,"lac duong,huyen lac duong"
192,Lâm Hà,Huyện,14,"lam ha,huyen lam ha"
193,A Lưới,Huyện,15,"a luoi,huyen a luoi"
194,Huế,Thành phố,15,"hue,thanh pho hue"
195,Hương Thủy,Thị xã,15,"huong thuy,thi xa huong thuy"
196,Hương Trà,Huyện,15,"huong tra,huyen huong tra"
197,Nam Đông,Huyện,15,"nam dong,huyen nam dong"
198,Phong Điền,Huyện,15,"phong dien,huyen phong dien"
199,Phú Lộc,Huyện,15,"phu loc,huyen phu loc"
200,Phú Vang,Huyện,15,"phu vang,huyen phu vang"
201,Quảng Điền,Huyện,15,"quang dien,huyen quang dien"
202,An Biên,Huyện,16,"an bien,huyen an bien"
203,An Minh,Huyện,16,"an minh,huyen an minh"
204,Châu Thành,Huyện,16,"chau thanh,huyen chau thanh"
205,Giang Thành,Huyện,16,"giang thanh,huyen giang thanh"
206,Giồng Riềng,Huyện,16,"giong rieng,huyen giong rieng"
207,Gò Quao,Huyện,16,"go quao,huyen go quao"
208,Hà Tiên,Thị xã,16,"ha tien,thi xa ha tien"
209,Hòn Đất,Huyện,16,"hon dat,huyen hon dat"
210,Kiên Hải,Huyện,16,"kien hai,huyen kien hai"
211,Kiên Lương,Huyện,16,"kien luong,huyen kien luong"
212,Phú Quốc,Huyện,16,"phu quoc,huyen phu quoc"
213,Rạch Giá,Thành phố,16,"rach gia,thanh pho rach gia"
214,Tân Hiệp,Huyện,16,"tan hiep,huyen tan hiep"
215,U minh Thượng,Huyện,16,"u minh thuong,huyen u minh thuong"
216,Vĩnh Thuận,Huyện,16,"vinh thuan,huyen vinh thuan"
217,Bắc Ninh,Thành phố,17,"bac ninh,thanh pho bac ninh"
218,Gia Bình,Huyện,17,"gia binh,huyen gia binh"
219,Lương Tài,Huyện,17,"luong tai,huyen luong tai"
220,Quế Võ,Huyện,17,"que vo,huyen que vo"
221,Thuận Thành,Huyện,17,"thuan thanh,huyen thuan thanh"
222,Tiên Du,Huyện,17,"tien du,huyen tien du"
223,Từ Sơn,Thị xã,17,"tu son,thi xa tu son"
224,Yên Phong,Huyện,17,"yen phong,huyen yen phong"
225,Ba Chẽ,Huyện,18,"ba che,huyen ba che"
226,Bình Liêu,Huyện,18,"binh lieu,huyen binh lieu"
227,Cẩm Phả,Thành phố,18,"cam pha,thanh pho cam pha"
228,Cô Tô,Huyện,18,"co to,huyen co to"
229,Đầm Hà,Huyện,18,"dam ha,huyen dam ha"
230,Đông Triều,Huyện,18,"dong trieu,huyen dong trieu"
231,Hạ Long,Thành phố,18,"ha long,thanh pho ha long"
232,Hải Hà,Huyện,18,"hai ha,huyen hai ha"
233,Hoành Bồ,Huyện,18,"hoanh bo,huyen hoanh bo"
234,Móng Cái,Thành phố,18,"mong cai,thanh pho mong cai"
235,Quảng Yên,Huyện,18,"quang yen,huyen quang yen"
236,Tiên Yên,Huyện,18,"tien yen,huyen tien yen"
237,Uông Bí,Thị xã,18,"uong bi,thi xa uong bi"
238,Vân Đồn,Huyện,18,"van don,huyen van don"
239,Bá Thước,Huyện,19,"ba thuoc,huyen ba thuoc"
240,Bỉm Sơn,Thị xã,19,"bim son,thi xa bim son"
241,Cẩm Thủy,Huyện,19,"cam thuy,huyen cam thuy"
242,Đông Sơn,Huyện,19,"dong son,huyen dong son"
243,Hà Trung,Huyện,19,"ha trung,huyen ha trung"
244,Hậu Lộc,Huyện,19,"hau loc,huyen hau loc"
245,Hoằng Hóa,Huyện,19,"hoang hoa,huyen hoang hoa"
246,Lang Chánh,Huyện,19,"lang chanh,huyen lang chanh"
247,Mường Lát,Huyện,19,"muong lat,huyen muong lat"
248,Nga Sơn,Huyện,19,"nga son,huyen nga son"
249,Ngọc Lặc,Huyện,19,"ngoc lac,huyen ngoc lac"
250,Như Thanh,Huyện,19,"nhu thanh,huyen nhu thanh"
251,Như Xuân,Huyện,19,"nhu xuan,huyen nhu xuan"
252,Nông Cống,Huyện,19,"nong cong,huyen nong cong"
253,Quan Hóa,Huyện,19,"quan hoa,huyen quan hoa"
254,Quan Sơn,Huyện,19,"quan son,huyen quan son"
255,Quảng Xương,Huyện,19,"quang xuong,huyen quang xuong"
256,Sầm Sơn,Thị xã,19,"sam son,thi xa sam son"
257,Thạch Thành,Huyện,19,"thach thanh,huyen thach thanh"
258,Thanh Hóa,Thành phố,19,"thanh hoa,thanh pho thanh hoa"
259,Thiệu Hóa,Huyện,19,"thieu hoa,huyen thieu hoa"
260,Thọ Xuân,Huyện,19,"tho xuan,huyen tho xuan"
261,Thường Xuân,Huyện,19,"thuong xuan,huyen thuong xuan"
262,Tĩnh Gia,Huyện,19,"tinh gia,huyen tinh gia"
263,Triệu Sơn,Huyện,19,"trieu son,huyen trieu son"
264,Vĩnh Lộc,Huyện,19,"vinh loc,huyen vinh loc"
265,Yên Định,Huyện,19,"yen dinh,huyen yen dinh"
266,Anh Sơn,Huyện,20,"anh son,huyen anh son"
267,Con Cuông,Huyện,20,"con cuong,huyen con cuong"
268,Cửa Lò,Thị xã,20,"cua lo,thi xa cua lo"
269,Diễn Châu,Huyện,20,"dien chau,huyen dien chau"
270,Đô Lương,Huyện,20,"do luong,huyen do luong"
271,Hoàng Mai,Thị xã,20,"hoang mai,thi xa hoang mai"
272,Hưng Nguyên,Huyện,20,"hung nguyen,huyen hung nguyen"
273,Kỳ Sơn,Huyện,20,"ky son,huyen ky son"
274,Nam Đàn,Huyện,20,"nam dan,huyen nam dan"
275,Nghi Lộc,Huyện,20,"nghi loc,huyen nghi loc"
276,Nghĩa Đàn,Huyện,20,"nghia dan,huyen nghia dan"
277,Quế Phong,Huyện,20,"que phong,huyen que phong"
278,Quỳ Châu,Huyện,20,"quy chau,huyen quy chau"
279,Quỳ Hợp,Huyện,20,"quy hop,huyen quy hop"
280,Quỳnh Lưu,Huyện,20,"quynh luu,huyen quynh luu"
281,Tân Kỳ,Huyện,20,"tan ky,huyen tan ky"
282,Thái Hòa,Thị xã,20,"thai hoa,thi xa thai hoa"
283,Thanh Chương,Huyện,20,"thanh chuong,huyen thanh chuong"
284,Tương Dương,Huyện,20,"tuong duong,huyen tuong duong"
285,Vinh,Thành phố,20,"vinh,thanh pho vinh"
286,Yên Thành,Huyện,20,"yen thanh,huyen yen thanh"
287,Bình Giang,Huyện,21,"binh giang,huyen binh giang"
288,Cẩm Giàng,Huyện,21,"cam giang,huyen cam giang"
289,Chí Linh,Thị xã,21,"chi linh,thi xa chi linh"
290,Gia Lộc,Huyện,21,"gia loc,huyen gia loc"
291,Hải Dương,Thành phố,21,"hai duong,thanh pho hai duong"
292,Kim Thành,Huyện,21,"kim thanh,huyen kim thanh"
293,Kinh Môn,Huyện,21,"kinh mon,huyen kinh mon"
294,Nam Sách,Huyện,21,"nam sach,huyen nam sach"
295,Ninh Giang,Huyện,21,"ninh giang,huyen ninh giang"
296,Thanh Hà,Huyện,21,"thanh ha,huyen thanh ha"
297,Thanh Miện,Huyện,21,"thanh mien,huyen thanh mien"
298,Tứ Kỳ,Huyện,21,"tu ky,huyen tu ky"
299,An Khê,Thị xã,22,"an khe,thi xa an khe"
300,AYun Pa,Thị xã,22,"ayun pa,thi xa ayun pa"
301,Chư Păh,Huyện,22,"chu pah,huyen chu pah"
302,Chư Pưh,Huyện,22,"chu puh,huyen chu puh"
303,Chư Sê,Huyện,22,"chu se,huyen chu se"
304,ChưPRông,Huyện,22,"chuprong,huyen chuprong"
305,Đăk Đoa,Huyện,22,"dak doa,huyen dak doa"
306,Đăk Pơ,Huyện,22,"dak po,huyen dak po"
307,Đức Cơ,Huyện,22,"duc co,huyen duc co"
308,Ia Grai,Huyện,22,"ia grai,huyen ia grai"
309,Ia Pa,Huyện,22,"ia pa,huyen ia pa"
310,KBang,Huyện,22,"kbang,huyen kbang"
311,Kông Chro,Huyện,22,"kong chro,huyen kong chro"
312,Krông Pa,Huyện,22,"krong pa,huyen krong pa"
313,Mang Yang,Huyện,22,"mang yang,huyen mang yang"
314,Phú Thiện,Huyện,22,"phu thien,huyen phu thien"
315,Plei Ku,Thành phố,22,"plei ku,thanh pho plei ku,pleiku"
316,Bình Long,Thị xã,23,"binh long,thi xa binh long"
317,Bù Đăng,Huyện,23,"bu dang,huyen bu dang"
318,Bù Đốp,Huyện,23,"bu dop,huyen bu dop"
319,Bù Gia Mập,Huyện,23,"bu gia map,huyen bu gia map"
320,Chơn Thành,Huyện,23,"chon thanh,huyen chon thanh"
321,Đồng Phú,Huyện,23,"dong phu,huyen dong phu"
322,Đồng Xoài,Thị xã,23,"dong xoai,thi xa dong xoai"
323,Hớn Quản,Huyện,23,"hon quan,huyen hon quan"
324,Lộc Ninh,Huyện,23,"loc ninh,huyen loc ninh"
325,Phú Riềng,Huyện,23,"phu rieng,huyen phu rieng"
326,Phước Long,Thị xã,23,"phuoc long,thi xa phuoc long"
327,Ân Thi,Huyện,24,"an thi,huyen an thi"
328,Hưng Yên,Thành phố,24,"hung yen,thanh pho hung yen"
329,Khoái Châu,Huyện,24,"khoai chau,huyen khoai chau"
330,Kim Động,Huyện,24,"kim dong,huyen kim dong"
331,Mỹ Hào,Huyện,24,"my hao,huyen my hao"
332,Phù Cừ,Huyện,24,"phu cu,huyen phu cu"
333,Tiên Lữ,Huyện,24,"tien lu,huyen tien lu"
334,Văn Giang,Huyện,24,"van giang,huyen van giang"
335,Văn Lâm,Huyện,24,"van lam,huyen van lam"
336,Yên Mỹ,Huyện,24,"yen my,huyen yen my"
337,An Lão,Huyện,25,"an lao,huyen an lao"
338,An Nhơn,Huyện,25,"an nhon,huyen an nhon"
339,Hoài Ân,Huyện,25,"hoai an,huyen hoai an"
340,Hoài Nhơn,Huyện,25,"hoai nhon,huyen hoai nhon"
341,Phù Cát,Huyện,25,"phu cat,huyen phu cat"
342,Phù Mỹ,Huyện,25,"phu my,huyen phu my"
343,Quy Nhơn,Thành phố,25,"quy nhon,thanh pho quy nhon"
344,Tây Sơn,Huyện,25,"tay son,huyen tay son"
345,Tuy Phước,Huyện,25,"tuy phuoc,huyen tuy phuoc"
346,Vân Canh,Huyện,25,"van canh,huyen van canh"
347,Vĩnh Thạnh,Huyện,25,"vinh thanh,huyen vinh thanh"
348,Cái Bè,Huyện,26,"cai be,huyen cai be"
349,Cai Lậy,Thị xã,26,"cai lay,thi xa cai lay"
350,Châu Thành,Huyện,26,"chau thanh,huyen chau thanh"
351,Chợ Gạo,Huyện,26,"cho gao,huyen cho gao"
352,Gò Công,Thị xã,26,"go cong,thi xa go cong"
353,Gò Công Đông,Huyện,26,"go cong dong,huyen go cong dong"
354,Gò Công Tây,Huyện,26,"go cong tay,huyen go cong tay"
355,Huyện Cai Lậy,Huyện,26,"huyen cai lay,huyen huyen cai lay"
356,Mỹ Tho,Thành phố,26,"my tho,thanh pho my tho"
357,Tân Phú Đông,Huyện,26,"tan phu dong,huyen tan phu dong"
358,Tân Phước,Huyện,26,"tan phuoc,huyen tan phuoc"
359,Đông Hưng,Huyện,27,"dong hung,huyen dong hung"
360,Hưng Hà,Huyện,27,"hung ha,huyen hung ha"
361,Kiến Xương,Huyện,27,"kien xuong,huyen kien xuong"
362,Quỳnh Phụ,Huyện,27,"quynh phu,huyen quynh phu"
363,Thái Bình,Thành phố,27,"thai binh,thanh pho thai binh"
364,Thái Thuỵ,Huyện,27,"thai thuy,huyen thai thuy"
365,Tiền Hải,Huyện,27,"tien hai,huyen tien hai"
366,Vũ Thư,Huyện,27,"vu thu,huyen vu thu"
367,Bắc Giang,Thành phố,28,"bac giang,thanh pho bac giang"
368,Hiệp Hòa,Huyện,28,"hiep hoa,huyen hiep hoa"
369,Lạng Giang,Huyện,28,"lang giang,huyen lang giang"
370,Lục Nam,Huyện,28,"luc nam,huyen luc nam"
371,Lục Ngạn,Huyện,28,"luc ngan,huyen luc ngan"
372,Sơn Động,Huyện,28,"son dong,huyen son dong"
373,Tân Yên,Huyện,28,"tan yen,huyen tan yen"
374,Việt Yên,Huyện,28,"viet yen,huyen viet yen"
375,Yên Dũng,Huyện,28,"yen dung,huyen yen dung"
376,Yên Thế,Huyện,28,"yen the,huyen yen the"
377,Cao Phong,Huyện,29,"cao phong,huyen cao phong"
378,Đà Bắc,Huyện,29,"da bac,huyen da bac"
379,Hòa Bình,Thành phố,29,"hoa binh,thanh pho hoa binh"
380,Kim Bôi,Huyện,29,"kim boi,huyen kim boi"
381,Kỳ Sơn,Huyện,29,"ky son,huyen ky son"
382,Lạc Sơn,Huyện,29,"lac son,huyen lac son"
383,Lạc Thủy,Huyện,29,"lac thuy,huyen lac thuy"
384,Lương Sơn,Huyện,29,"luong son,huyen luong son"
385,Mai Châu,Huyện,29,"mai chau,huyen mai chau"
386,Tân Lạc,Huyện,29,"tan lac,huyen tan lac"
387,Yên Thủy,Huyện,29,"yen thuy,huyen yen thuy"
388,An Phú,Huyện,30,"an phu,huyen an phu"
389,Châu Đốc,Thị xã,30,"chau doc,thi xa chau doc"
390,Châu Phú,Huyện,30,"chau phu,huyen chau phu"
391,Châu Thành,Huyện,30,"chau thanh,huyen chau thanh"
392,Chợ Mới,Huyện,30,"cho moi,huyen cho moi"
393,Long Xuyên,Thành phố,30,"long xuyen,thanh pho long xuyen"
394,Phú Tân,Huyện,30,"phu tan,huyen phu tan"
395,Tân Châu,Thị xã,30,"tan chau,thi xa tan chau"
396,Thoại Sơn,Huyện,30,"thoai son,huyen thoai son"
397,Tịnh Biên,Huyện,30,"tinh bien,huyen tinh bien"
398,Tri Tôn,Huyện,30,"tri ton,huyen tri ton"
399,Bình Xuyên,Huyện,31,"binh xuyen,huyen binh xuyen"
400,Lập Thạch,Huyện,31,"lap thach,huyen lap thach"
401,Phúc Yên,Thị xã,31,"phuc yen,thi xa phuc yen"
402,Sông Lô,Huyện,31,"song lo,huyen song lo"
403,Tam Đảo,Huyện,31,"tam dao,huyen tam dao"
404,Tam Dương,Huyện,31,"tam duong,huyen tam duong"
405,Vĩnh Tường,Huyện,31,"vinh tuong,huyen vinh tuong"
406,Vĩnh Yên,Thành phố,31,"vinh yen,thanh pho vinh yen"
407,Yên Lạc,Huyện,31,"yen lac,huyen yen lac"
408,Bến Cầu,Huyện,32,"ben cau,huyen ben cau"
409,Châu Thành,Huyện,32,"chau thanh,huyen chau thanh"
410,Dương Minh Châu,Huyện,32,"duong minh chau,huyen duong minh chau"
411,Gò Dầu,Huyện,32,"go dau,huyen go dau"
412,Hòa Thành,Huyện,32,"hoa thanh,huyen hoa thanh"
413,Tân Biên,Huyện,32,"tan bien,huyen tan bien"
414,Tân Châu,Huyện,32,"tan chau,huyen tan chau"
415,Tây Ninh,Thị xã,32,"tay ninh,thi xa tay ninh"
416,Trảng Bàng,Huyện,32,"trang bang,huyen trang bang"
417,Đại Từ,Huyện,33,"dai tu,huyen dai tu"
418,Định Hóa,Huyện,33,"dinh hoa,huyen dinh hoa"
419,Đồng Hỷ,Huyện,33,"dong hy,huyen dong hy"
420,Phổ Yên,Huyện,33,"pho yen,huyen pho yen"
421,Phú Bình,Huyện,33,"phu binh,huyen phu binh"
422,Phú Lương,Huyện,33,"phu luong,huyen phu luong"
423,Sông Công,Thị xã,33,"song cong,thi xa song cong"
424,Thái Nguyên,Thành phố,33,"thai nguyen,thanh pho thai nguyen"
425,Võ Nhai,Huyện,33,"vo nhai,huyen vo nhai"
426,Bắc Hà,Huyện,34,"bac ha,huyen bac ha"
427,Bảo Thắng,Huyện,34,"bao thang,huyen bao thang"
428,Bảo Yên,Huyện,34,"bao yen,huyen bao yen"
429,Bát Xát,Huyện,34,"bat xat,huyen bat xat"
430,Lào Cai,Thành phố,34,"lao cai,thanh pho lao cai"
431,Mường Khương,Huyện,34,"muong khuong,huyen muong khuong"
432,Sa Pa,Huyện,34,"sa pa,huyen sa pa"
433,Văn Bàn,Huyện,34,"van ban,huyen van ban"
434,Xi Ma Cai,Huyện,34,"xi ma cai,huyen xi ma cai"
435,Giao Thủy,Huyện,35,"giao thuy,huyen giao thuy"
436,Hải Hậu,Huyện,35,"hai hau,huyen hai hau"
437,Mỹ Lộc,Huyện,35,"my loc,huyen my loc"
438,Nam Định,Thành phố,35,"nam dinh,thanh pho nam dinh"
439,Nam Trực,Huyện,35,"nam truc,huyen nam truc"
440,Nghĩa Hưng,Huyện,35,"nghia hung,huyen nghia hung"
441,Trực Ninh,Huyện,35,"truc ninh,huyen truc ninh"
442,Vụ Bản,Huyện,35,"vu ban,huyen vu ban"
443,Xuân Trường,Huyện,35,"xuan truong,huyen xuan truong"
444,Ý Yên,Huyện,35,"y yen,huyen y yen"
445,Ba Tơ,Huyện,36,"ba to,huyen ba to"
446,Bình Sơn,Huyện,36,"binh son,huyen binh son"
447,Đức Phổ,Huyện,36,"duc pho,huyen duc pho"
448,Lý Sơn,Huyện,36,"ly son,huyen ly son"
449,Minh Long,Huyện,36,"minh long,huyen minh long"
450,Mộ Đức,Huyện,36,"mo duc,huyen mo duc"
451,Nghĩa Hành,Huyện,36,"nghia hanh,huyen nghia hanh"
452,Quảng Ngãi,Thành phố,36,"quang ngai,thanh pho quang ngai"
453,Sơn Hà,Huyện,36,"son ha,huyen son ha"
454,Sơn Tây,Huyện,36,"son tay,huyen son tay"
455,Sơn Tịnh,Huyện,36,"son tinh,huyen son tinh"
456,Tây Trà,Huyện,36,"tay tra,huyen tay tra"
457,Trà Bồng,Huyện,36,"tra bong,huyen tra bong"
458,Tư Nghĩa,Huyện,36,"tu nghia,huyen tu nghia"
459,Ba Tri,Huyện,37,"ba tri,huyen ba tri"
460,Bến Tre,Thành phố,37,"ben tre,thanh pho ben tre"
461,Bình Đại,Huyện,37,"binh dai,huyen binh dai"
462,Châu Thành,Huyện,37,"chau thanh,huyen chau thanh"
463,Chợ Lách,Huyện,37,"cho lach,huyen cho lach"
464,Giồng Trôm,Huyện,37,"giong trom,huyen giong trom"
465,Mỏ Cày Bắc,Huyện,37,"mo cay bac,huyen mo cay bac"
466,Mỏ Cày Nam,Huyện,37,"mo cay nam,huyen mo cay nam"
467,Thạnh Phú,Huyện,37,"thanh phu,huyen thanh phu"
468,Cư Jút,Huyện,38,"cu jut,huyen cu jut"
469,Dăk GLong,Huyện,38,"dak glong,huyen dak glong"
470,Dăk Mil,Huyện,38,"dak mil,huyen dak mil"
471,Dăk R'Lấp,Huyện,38,"dak r'lap,huyen dak r'lap"
472,Dăk Song,Huyện,38,"dak song,huyen dak song"
473,Gia Nghĩa,Thị xã,38,"gia nghia,thi xa gia nghia"
474,Krông Nô,Huyện,38,"krong no,huyen krong no"
475,Tuy Đức,Huyện,38,"tuy duc,huyen tuy duc"
476,Cà Mau,Thành phố,39,"ca mau,thanh pho ca mau"
477,Cái Nước,Huyện,39,"cai nuoc,huyen cai nuoc"
478,Đầm Dơi,Huyện,39,"dam doi,huyen dam doi"
479,Năm Căn,Huyện,39,"nam can,huyen nam can"
480,Ngọc Hiển,Huyện,39,"ngoc hien,huyen ngoc hien"
481,Phú Tân,Huyện,39,"phu tan,huyen phu tan"
482,Thới Bình,Huyện,39,"thoi binh,huyen thoi binh"
483,Trần Văn Thời,Huyện,39,"tran van thoi,huyen tran van thoi"
484,U Minh,Huyện,39,"u minh,huyen u minh"
485,Bình Minh,Huyện,40,"binh minh,huyen binh minh"
486,Bình Tân,Quận,40,"binh tan,quan binh tan"
487,Long Hồ,Huyện,40,"long ho,huyen long ho"
488,Mang Thít,Huyện,40,"mang thit,huyen mang thit"
489,Tam Bình,Huyện,40,"tam binh,huyen tam binh"
490,Trà Ôn,Huyện,40,"tra on,huyen tra on"
491,Vĩnh Long,Thành phố,40,"vinh long,thanh pho vinh long"
492,Vũng Liêm,Huyện,40,"vung liem,huyen vung liem"
493,Gia Viễn,Huyện,41,"gia vien,huyen gia vien"
494,Hoa Lư,Huyện,41,"hoa lu,huyen hoa lu"
495,Kim Sơn,Huyện,41,"kim son,huyen kim son"
496,Nho Quan,Huyện,41,"nho quan,huyen nho quan"
497,Ninh Bình,Thành phố,41,"ninh binh,thanh pho ninh binh"
498,Tam Điệp,Thị xã,41,"tam diep,thi xa tam diep"
499,Yên Khánh,Huyện,41,"yen khanh,huyen yen khanh"
500,Yên Mô,Huyện,41,"yen mo,huyen yen mo"
501,Cẩm Khê,Huyện,42,"cam khe,huyen cam khe"
502,Đoan Hùng,Huyện,42,"doan hung,huyen doan hung"
503,Hạ Hòa,Huyện,42,"ha hoa,huyen ha hoa"
504,Lâm Thao,Huyện,42,"lam thao,huyen lam thao"
505,Phù Ninh,Huyện,42,"phu ninh,huyen phu ninh"
506,Phú Thọ,Thị xã,42,"phu tho,thi xa phu tho"
507,Tam Nông,Huyện,42,"tam nong,huyen tam nong"
508,Tân Sơn,Huyện,42,"tan son,huyen tan son"
509,Thanh Ba,Huyện,42,"thanh ba,huyen thanh ba"
510,Thanh Sơn,Huyện,42,"thanh son,huyen thanh son"
511,Thanh Thủy,Huyện,42,"thanh thuy,huyen thanh thuy"
512,Việt Trì,Thành phố,42,"viet tri,thanh pho viet tri"
513,Yên Lập,Huyện,42,"yen lap,huyen yen lap"
514,Bác Ái,Huyện,43,"bac ai,huyen bac ai"
515,Ninh Hải,Huyện,43,"ninh hai,huyen ninh hai"
516,Ninh Phước,Huyện,43,"ninh phuoc,huyen ninh phuoc"
517,Ninh Sơn,Huyện,43,"ninh son,huyen ninh son"
518,Phan Rang - Tháp Chàm,Thành phố,43,"phan rang - thap cham,thanh pho phan rang - thap cham"
519,Thuận Bắc,Huyện,43,"thuan bac,huyen thuan bac"
520,Thuận Nam,Huyện,43,"thuan nam,huyen thuan nam"
521,Đông Hòa,Huyện,44,"dong hoa,huyen dong hoa"
522,Đồng Xuân,Huyện,44,"dong xuan,huyen dong xuan"
523,Phú Hòa,Huyện,44,"phu hoa,huyen phu hoa"
524,Sơn Hòa,Huyện,44,"son hoa,huyen son hoa"
525,Sông Cầu,Thị xã,44,"song cau,thi xa song cau"
526,Sông Hinh,Huyện,44,"song hinh,huyen song hinh"
527,Tây Hòa,Huyện,44,"tay hoa,huyen tay hoa"
528,Tuy An,Huyện,44,"tuy an,huyen tuy an"
529,Tuy Hòa,Thành phố,44,"tuy hoa,thanh pho tuy hoa"
530,Bình Lục,Huyện,45,"binh luc,huyen binh luc"
531,Duy Tiên,Huyện,45,"duy tien,huyen duy tien"
532,Kim Bảng,Huyện,45,"kim bang,huyen kim bang"
533,Lý Nhân,Huyện,45,"ly nhan,huyen ly nhan"
534,Phủ Lý,Thành phố,45,"phu ly,thanh pho phu ly"
535,Thanh Liêm,Huyện,45,"thanh liem,huyen thanh liem"
536,Cẩm Xuyên,Huyện,46,"cam xuyen,huyen cam xuyen"
537,Can Lộc,Huyện,46,"can loc,huyen can loc"
538,Đức Thọ,Huyện,46,"duc tho,huyen duc tho"
539,Hà Tĩnh,Thành phố,46,"ha tinh,thanh pho ha tinh"
540,Hồng Lĩnh,Thị xã,46,"hong linh,thi xa hong linh"
541,Hương Khê,Huyện,46,"huong khe,huyen huong khe"
542,Hương Sơn,Huyện,46,"huong son,huyen huong son"
543,Kỳ Anh,Huyện,46,"ky anh,huyen ky anh"
544,Lộc Hà,Huyện,46,"loc ha,huyen loc ha"
545,Nghi Xuân,Huyện,46,"nghi xuan,huyen nghi xuan"
546,Thạch Hà,Huyện,46,"thach ha,huyen thach ha"
547,Vũ Quang,Huyện,46,"vu quang,huyen vu quang"
548,Cao Lãnh,Thành phố,47,"cao lanh,thanh pho cao lanh"
549,Châu Thành,Huyện,47,"chau thanh,huyen chau thanh"
550,Hồng Ngự,Thị xã,47,"hong ngu,thi xa hong ngu"
551,Huyện Cao Lãnh,Huyện,47,"huyen cao lanh,huyen huyen cao lanh"
552,Huyện Hồng Ngự,Huyện,47,"huyen hong ngu,huyen huyen hong ngu"
553,Lai Vung,Huyện,47,"lai vung,huyen lai vung"
554,Lấp Vò,Huyện,47,"lap vo,huyen lap vo"
555,Sa Đéc,Thị xã,47,"sa dec,thi xa sa dec"
556,Tam Nông,Huyện,47,"tam nong,huyen tam nong"
557,Tân Hồng,Huyện,47,"tan hong,huyen tan hong"
558,Thanh Bình,Huyện,47,"thanh binh,huyen thanh binh"
559,Tháp Mười,Huyện,47,"thap muoi,huyen thap muoi"
560,Châu Thành,Huyện,48,"chau thanh,huyen chau thanh"
561,Cù Lao Dung,Huyện,48,"cu lao dung,huyen cu lao dung"
562,Kế Sách,Huyện,48,"ke sach,huyen ke sach"
563,Long Phú,Huyện,48,"long phu,huyen long phu"
564,Mỹ Tú,Huyện,48,"my tu,huyen my tu"
565,Mỹ Xuyên,Huyện,48,"my xuyen,huyen my xuyen"
566,Ngã Năm,Huyện,48,"nga nam,huyen nga nam"
567,Sóc Trăng,Thành phố,48,"soc trang,thanh pho soc trang"
568,Thạnh Trị,Huyện,48,"thanh tri,huyen thanh tri"
569,Trần Đề,Huyện,48,"tran de,huyen tran de"
570,Vĩnh Châu,Huyện,48,"vinh chau,huyen vinh chau"
571,Đăk Glei,Huyện,49,"dak glei,huyen dak glei"
572,Đăk Hà,Huyện,49,"dak ha,huyen dak ha"
573,Đăk Tô,Huyện,49,"dak to,huyen dak to"
574,Ia H'Drai,Huyện,49,"ia h'drai,huyen ia h'drai"
575,Kon Plông,Huyện,49,"kon plong,huyen kon plong"
576,Kon Rẫy,Huyện,49,"kon ray,huyen kon ray"
577,KonTum,Thành phố,49,"kontum,thanh pho kontum"
578,Ngọc Hồi,Huyện,49,"ngoc hoi,huyen ngoc hoi"
579,Sa Thầy,Huyện,49,"sa thay,huyen sa thay"
580,Tu Mơ Rông,Huyện,49,"tu mo rong,huyen tu mo rong"
581,Ba Đồn,Thị xã,50,"ba don,thi xa ba don"
582,Bố Trạch,Huyện,50,"bo trach,huyen bo trach"
583,Đồng Hới,Thành phố,50,"dong hoi,thanh pho dong hoi"
584,Lệ Thủy,Huyện,50,"le thuy,huyen le thuy"
585,Minh Hóa,Huyện,50,"minh hoa,huyen minh hoa"
586,Quảng Ninh,Huyện,50,"quang ninh,huyen quang ninh"
587,Quảng Trạch,Huyện,50,"quang trach,huyen quang trach"
588,Tuyên Hóa,Huyện,50,"tuyen hoa,huyen tuyen hoa"
589,Cam Lộ,Huyện,51,"cam lo,huyen cam lo"
590,Đa Krông,Huyện,51,"da krong,huyen da krong"
591,Đảo Cồn cỏ,Huyện,51,"dao con co,huyen dao con co"
592,Đông Hà,Thành phố,51,"dong ha,thanh pho dong ha"
593,Gio Linh,Huyện,51,"gio linh,huyen gio linh"
594,Hải Lăng,Huyện,51,"hai lang,huyen hai lang"
595,Hướng Hóa,Huyện,51,"huong hoa,huyen huong hoa"
596,Quảng Trị,Thị xã,51,"quang tri,thi xa quang tri"
597,Triệu Phong,Huyện,51,"trieu phong,huyen trieu phong"
598,Vĩnh Linh,Huyện,51,"vinh linh,huyen vinh linh"
599,Càng Long,Huyện,52,"cang long,huyen cang long"
600,Cầu Kè,Huyện,52,"cau ke,huyen cau ke"
601,Cầu Ngang,Huyện,52,"cau ngang,huyen cau ngang"
602,Châu Thành,Huyện,52,"chau thanh,huyen chau thanh"
603,Duyên Hải,Huyện,52,"duyen hai,huyen duyen hai"
604,Tiểu Cần,Huyện,52,"tieu can,huyen tieu can"
605,Trà Cú,Huyện,52,"tra cu,huyen tra cu"
606,Trà Vinh,Thành phố,52,"tra vinh,thanh pho tra vinh"
607,Châu Thành,Huyện,53,"chau thanh,huyen chau thanh"
608,Châu Thành A,Huyện,53,"chau thanh a,huyen chau thanh a"
609,Long Mỹ,Huyện,53,"long my,huyen long my"
610,Ngã Bảy,Thị xã,53,"nga bay,thi xa nga bay"
611,Phụng Hiệp,Huyện,53,"phung hiep,huyen phung hiep"
612,Vị Thanh,Thành phố,53,"vi thanh,thanh pho vi thanh"
613,Vị Thủy,Huyện,53,"vi thuy,huyen vi thuy"
614,Bắc Yên,Huyện,54,"bac yen,huyen bac yen"
615,Mai Sơn,Huyện,54,"mai son,huyen mai son"
616,Mộc Châu,Huyện,54,"moc chau,huyen moc chau"
617,Mường La,Huyện,54,"muong la,huyen muong la"
618,Phù Yên,Huyện,54,"phu yen,huyen phu yen"
619,Quỳnh Nhai,Huyện,54,"quynh nhai,huyen quynh nhai"
620,Sơn La,Thành phố,54,"son la,thanh pho son la"
621,Sông Mã,Huyện,54,"song ma,huyen song ma"
622,Sốp Cộp,Huyện,54,"sop cop,huyen sop cop"
623,Thuận Châu,Huyện,54,"thuan chau,huyen thuan chau"
624,Vân Hồ,Huyện,54,"van ho,huyen van ho"
625,Yên Châu,Huyện,54,"yen chau,huyen yen chau"
626,Bạc Liêu,Thành phố,55,"bac lieu,thanh pho bac lieu"
627,Đông Hải,Huyện,55,"dong hai,huyen dong hai"
628,Giá Rai,Huyện,55,"gia rai,huyen gia rai"
629,Hòa Bình,Huyện,55,"hoa binh,huyen hoa binh"
630,Hồng Dân,Huyện,55,"hong dan,huyen hong dan"
631,Phước Long,Huyện,55,"phuoc long,huyen phuoc long"
632,Vĩnh Lợi,Huyện,55,"vinh loi,huyen vinh loi"
633,Lục Yên,Huyện,56,"luc yen,huyen luc yen"
634,Mù Cang Chải,Huyện,56,"mu cang chai,huyen mu cang chai"
635,Nghĩa Lộ,Thị xã,56,"nghia lo,thi xa nghia lo"
636,Trạm Tấu,Huyện,56,"tram tau,huyen tram tau"
637,Trấn Yên,Huyện,56,"tran yen,huyen tran yen"
638,Văn Chấn,Huyện,56,"van chan,huyen van chan"
639,Văn Yên,Huyện,56,"van yen,huyen van yen"
640,Yên Bái,Thành phố,56,"yen bai,thanh pho yen bai"
641,Yên Bình,Huyện,56,"yen binh,huyen yen binh"
642,Chiêm Hóa,Huyện,57,"chiem hoa,huyen chiem hoa"
643,Hàm Yên,Huyện,57,"ham yen,huyen ham yen"
644,Lâm Bình,Huyện,57,"lam binh,huyen lam binh"
645,Na Hang,Huyện,57,"na hang,huyen na hang"
646,Sơn Dương,Huyện,57,"son duong,huyen son duong"
647,Tuyên Quang,Thành phố,57,"tuyen quang,thanh pho tuyen quang"
648,Yên Sơn,Huyện,57,"yen son,huyen yen son"
649,Điện Biên,Huyện,58,"dien bien,huyen dien bien"
650,Điện Biên Đông,Huyện,58,"dien bien dong,huyen dien bien dong"
651,Điện Biên Phủ,Thành phố,58,"dien bien phu,thanh pho dien bien phu"
652,Mường Ảng,Huyện,58,"muong ang,huyen muong ang"
653,Mường Chà,Huyện,58,"muong cha,huyen muong cha"
654,Mường Lay,Thị xã,58,"muong lay,thi xa muong lay"
655,Mường Nhé,Huyện,58,"muong nhe,huyen muong nhe"
656,Nậm Pồ,Huyện,58,"nam po,huyen nam po"
657,Tủa Chùa,Huyện,58,"tua chua,huyen tua chua"
658,Tuần Giáo,Huyện,58,"tuan giao,huyen tuan giao"
659,Lai Châu,Thị xã,59,"lai chau,thi xa lai chau"
660,Mường Tè,Huyện,59,"muong te,huyen muong te"
661,Nậm Nhùn,Huyện,59,"nam nhun,huyen nam nhun"
662,Phong Thổ,Huyện,59,"phong tho,huyen phong tho"
663,Sìn Hồ,Huyện,59,"sin ho,huyen sin ho"
664,Tam Đường,Huyện,59,"tam duong,huyen tam duong"
665,Tân Uyên,Huyện,59,"tan uyen,huyen tan uyen"
666,Than Uyên,Huyện,59,"than uyen,huyen than uyen"
667,Bắc Sơn,Huyện,60,"bac son,huyen bac son"
668,Bình Gia,Huyện,60,"binh gia,huyen binh gia"
669,Cao Lộc,Huyện,60,"cao loc,huyen cao loc"
670,Chi Lăng,Huyện,60,"chi lang,huyen chi lang"
671,Đình Lập,Huyện,60,"dinh lap,huyen dinh lap"
672,Hữu Lũng,Huyện,60,"huu lung,huyen huu lung"
673,Lạng Sơn,Thành phố,60,"lang son,thanh pho lang son"
674,Lộc Bình,Huyện,60,"loc binh,huyen loc binh"
675,Tràng Định,Huyện,60,"trang dinh,huyen trang dinh"
676,Văn Lãng,Huyện,60,"van lang,huyen van lang"
677,Văn Quan,Huyện,60,"van quan,huyen van quan"
678,Bắc Mê,Huyện,61,"bac me,huyen bac me"
679,Bắc Quang,Huyện,61,"bac quang,huyen bac quang"
680,Đồng Văn,Huyện,61,"dong van,huyen dong van"
681,Hà Giang,Thành phố,61,"ha giang,thanh pho ha giang"
682,Hoàng Su Phì,Huyện,61,"hoang su phi,huyen hoang su phi"
683,Mèo Vạc,Huyện,61,"meo vac,huyen meo vac"
684,Quản Bạ,Huyện,61,"quan ba,huyen quan ba"
685,Quang Bình,Huyện,61,"quang binh,huyen quang binh"
686,Vị Xuyên,Huyện,61,"vi xuyen,huyen vi xuyen"
687,Xín Mần,Huyện,61,"xin man,huyen xin man"
688,Yên Minh,Huyện,61,"yen minh,huyen yen minh"
689,Ba Bể,Huyện,62,"ba be,huyen ba be"
690,Bắc Kạn,Thị xã,62,"bac kan,thi xa bac kan"
691,Bạch Thông,Huyện,62,"bach thong,huyen bach thong"
692,Chợ Đồn,Huyện,62,"cho don,huyen cho don"
693,Chợ Mới,Huyện,62,"cho moi,huyen cho moi"
694,Na Rì,Huyện,62,"na ri,huyen na ri"
695,Ngân Sơn,Huyện,62,"ngan son,huyen ngan son"
696,Pác Nặm,Huyện,62,"pac nam,huyen pac nam"
697,Bảo Lạc,Huyện,63,"bao lac,huyen bao lac"
698,Bảo Lâm,Huyện,63,"bao lam,huyen bao lam"
699,Cao Bằng,Thị xã,63,"cao bang,thi xa cao bang"
700,Hạ Lang,Huyện,63,"ha lang,huyen ha lang"
701,Hà Quảng,Huyện,63,"ha quang,huyen ha quang"
702,Hòa An,Huyện,63,"hoa an,huyen hoa an"
703,Nguyên Bình,Huyện,63,"nguyen binh,huyen nguyen binh"
704,Phục Hòa,Huyện,63,"phuc hoa,huyen phuc hoa"
705,Quảng Uyên,Huyện,63,"quang uyen,huyen quang uyen"
706,Thạch An,Huyện,63,"thach an,huyen thach an"
707,Thông Nông,Huyện,63,"thong nong,huyen thong nong"
708,Trà Lĩnh,Huyện,63,"tra linh,huyen tra linh"
709,Trùng Khánh,Huyện,63,"trung khanh,huyen trung khanh"
